{"cameraMode":{"drawMode":0,"name":"Shaded","section":"Shading Mode"},"sceneLighting":true,"audioPlay":false,"sceneViewState":{"m_AlwaysRefresh":false,"showFog":true,"showSkybox":true,"showFlares":true,"showImageEffects":true,"showParticleSystems":true,"showVisualEffectGraphs":true,"m_FxEnabled":true},"in2DMode":false,"pivot":{"x":-0.20967912673950196,"y":1.6076010465621949,"z":-3.306384801864624},"rotation":{"x":0.13746975362300874,"y":0.03653838485479355,"z":-0.005075131542980671,"w":0.9898239374160767},"size":1.9437705278396607,"orthographic":false}